id,function,state,deadline,actual,queued,initializing,runnable,running,blocked,returned
0,lpd1():10000,Complete,50000,1045750,15,0,26,46516,999192,510
1,lpd1():10000,Complete,50000,1077003,4,0,23,76956,1000018,457
2,lpd1():10000,Complete,50000,1122135,4,0,27,121007,1001095,1194
3,lpd1():10000,Complete,50000,1066601,4,0,14,65484,1001097,408
4,lpd1():10000,Complete,50000,1063433,4,0,25,62343,1001061,525
5,lpd2():10001,Complete,50000,1073007,4,0,23,71896,1001082,403
6,lpd2():10001,Complete,50000,1091218,4,0,15,90076,1001122,510
7,lpd2():10001,Complete,50000,1080843,5,0,23,79721,1001093,493
8,lpd2():10001,Complete,50000,1084299,4,0,22,83160,1001111,503
9,lpd2():10001,Complete,50000,1094432,4,0,82,93309,1001036,715
10,lpd4():10002,Complete,50000,1076785,5,0,26,75576,1001177,434
11,lpd4():10002,Complete,50000,1098984,4,0,16,98936,1000026,561
12,lpd4():10002,Complete,50000,1083239,4,0,17,83188,1000029,493
13,lpd4():10002,Complete,50000,1095906,4,0,26,94940,1000935,564
14,lpd4():10002,Complete,50000,1087100,7,0,19,86005,1001067,514
